feature,ks_stat,ks_pvalue,psi,drifted
HourOfDay,0.7466768710223153,0.0,8.53479027268527,True
V1,0.30170848311466025,0.0,1.013860609382402,True
V3,0.3978500776835616,0.0,0.7534373499901941,True
V28,0.2522184902231924,0.0,0.5344875622934039,True
V11,0.16265578429866323,0.0,0.34141519169632456,True
V25,0.24880134710067325,0.0,0.28631497915055465,True
V15,0.19211145887319164,0.0,0.2199912688700325,True
V12,0.10250028040269418,4.644e-321,0.21964453868486514,True
V5,0.18275509430312714,0.0,0.16719880480421698,True
V22,0.14175710041207756,0.0,0.16377074506145622,True
V4,0.1567315662384855,0.0,0.14904692932189795,True
V26,0.07312829162017243,1.925011715992589e-163,0.14648992241005954,True
V24,0.06744527522118104,4.572273275930265e-139,0.1341597334803402,True
V23,0.1554587362664318,0.0,0.13375039561489935,True
V21,0.10480662900097804,0.0,0.10047893510222794,True
V14,0.09665665368661794,1.843786428478203e-285,0.07893486672253927,True
V7,0.10426211217309017,0.0,0.07478079091321468,True
V6,0.11183346062986882,0.0,0.06747137914962932,True
V9,0.05451381167426095,5.705444910130498e-91,0.06350805854057116,True
V20,0.10734543646316486,0.0,0.05481547215072866,True
V17,0.08881664548986595,5.0838508155074666e-241,0.04366639365227866,True
V27,0.05431507053276996,2.604115269847764e-90,0.04363002022707465,True
V8,0.08403167582595172,9.339777499633666e-216,0.04183896508421975,True
V13,0.04966588840410602,1.4180940010607286e-75,0.0405888565144183,True
V19,0.06158956305102714,5.093992467474034e-116,0.03329021314671396,True
V10,0.04143758366449665,9.913568470444911e-53,0.03252537502621085,True
V18,0.06742576408591316,5.500607664781913e-139,0.027096755228613233,True
Amount,0.0671054741759241,1.134772635247303e-137,0.022341420065750236,True
V2,0.04780330512003861,4.840032154596804e-70,0.021253428680518348,True
V16,0.029476296497813526,6.86968681265427e-27,0.010805193646406738,True
